root_site,count
https://facebook.com,2906
https://google.com,2386
http://sambamobile.com,1787
http://google.com,1528
http://apusapps.com,1174
https://googleadservices.com,1010
https://doubleclick.net,894
https://youtube.com,888
https://yahoo.com,751
http://hello-game.cn,547
https://pornhub.com,545
http://bing.com,542
http://xvideos.com,417
http://bowstdown.com,401
http://xnxx.com,359
http://accuweather.com,282
https://craigslist.org,261
http://ebay.com,247
https://twitter.com,218
https://reddit.com,215
http://pornhub.com,197
http://amazon.com,181
http://cnn.com,162
http://apuslauncher.com,162
http://apusbrowser.com,157
https://xvideos.com,156
http://facebook.com,146
https://xhamster.com,143
https://t.co,139
http://txxx.com,136
https://psiphonhealthyliving.com,132
https://amazon.com,123
https://up-4ever.com,122
http://foxnews.com,110
https://vk.com,108
https://xnxx.com,102
http://aweber.com,99
https://wikipedia.org,93
http://imagefap.com,87
http://drudgereport.com,86
http://breitbart.com,84
http://gstatic.com,81
http://tigerdroppings.com,79
https://hollandamerica.com,75
http://bit.ly,72
http://pricedepot.com,71
https://bing.com,66
http://backpage.com,65
http://manhub.com,64
https://primejailbait.com,63
http://punishtube.com,63
http://yahoo.com,62
https://goo.gl,62
https://stackadapt.com,62
http://winloot.com,59
http://bangbrosnetwork.com,57
https://redtube.com,57
https://nhentai.net,53
http://microsoft.com,52
https://atrl.net,50
http://fb.com,49
https://eroticbeauties.net,49
http://craigslist.org,47
http://neogaf.com,45
http://thecoli.com,45
https://chaturbate.com,44
https://instagram.com,44
http://mocospace.com,44
http://reddit.com,43
http://goforandroid.com,41
https://adultfriendfinder.com,41
http://eroticbeauties.net,41
http://xhamster.com,40
http://go.com,40
http://dailymail.co.uk,39
https://slickdeals.net,38
http://slickdeals.net,38
https://gaysir.no,37
http://msn.com,37
https://weather.com,37
http://tumblr.com,36
http://youtube.com,36
http://taggedmail.com,36
http://sexywomenhere.com,35
https://live.com,35
http://pch.com,35
https://tumblr.com,35
http://logout.com,34
https://netflix.com,34
https://gamefaqs.com,32
https://youporn.com,32
https://washingtonpost.com,32
http://wikia.com,30
http://bbc.com,30
http://list-manage.com,30
http://bookbub.com,29
http://blogspot.com,29
http://zerohedge.com,29
https://getsome.cc,29
http://archiveofourown.org,29
https://eroticity.net,29
http://espn.com,28
https://pinterest.com,28
https://victoriahearts.com,28
https://airbnb.com,28
https://spankbang.com,27
http://huffpost.com,27
https://fb.com,27
http://popyard.com,27
http://novelupdates.com,27
https://samanthaushedo.com,27
http://linkedin.com,26
https://i-say.com,26
http://beeg.com,26
https://duckduckgo.com,26
https://mandrillapp.com,26
http://piaotian.com,26
http://hotnewhiphop.com,25
https://porn.com,25
https://fotostrana.ru,25
https://noahmorrison.ca,24
http://vk.com,24
http://lipstickalley.com,24
https://walmart.com,24
https://uken.com,23
https://vporn.com,23
http://apxadtracking.net,23
https://xda-developers.com,23
https://nytimes.com,23
http://hclips.com,23
http://gmail.com,23
http://4chan.org,23
http://kissanime.ru,22
https://lyft.com,22
http://worldstarhiphop.com,22
http://bodybuilding.com,22
https://ok.ru,22
http://vjav.com,22
http://kuaptrk.com,22
http://yourtexasbenefits.com,22
http://imgur.com,22
http://applovin.com,22
http://pof.com,21
http://redtube.com,21
http://dapink.com,21
https://textnow.com,21
http://furaffinity.net,20
http://prizegrabtrack.com,20
http://mywatchseries.ac,20
http://aol.com,20
http://kissmanga.com,19
http://fuq.com,19
https://politicalwire.com,19
http://cut-urls.com,19
http://mp3juices.cc,19
http://eroprofile.com,19
https://fmovies.is,18
http://ups.com,18
https://google.co.in,18
http://dennismichaellynch.com,18
http://androidlost.com,18
http://weather.gov,18
http://dz4link.com,18
http://peperonity.com,18
https://quotev.com,17
http://linkis.com,17
http://n4g.com,17
http://thechive.com,17
https://quora.com,17
http://wuxiaworld.com,17
http://dinotube.com,17
http://democraticunderground.com,17
http://rs6.net,17
http://bleacherreport.com,17
http://xpickup.com,17
http://duckduckgo.com,17
http://phonearena.com,17
http://typeaway.net,17
http://imdb.com,16
https://soundcloud.com,16
http://list-manage1.com,16
https://google.com.pr,16
http://pussyspot.net,16
http://walmart.com,16
http://convert2mp3.net,16
https://paypal.com,16
https://github.com,16
http://skynet-vpn.me,16
http://nytimes.com,16
http://kporno.com,16
http://hiphopengine.me,16
http://bestbuy.com,16
https://tapjoyads.com,16
https://youtu.be,15
http://narvar.com,15
https://snapchat.com,15
http://swpstrack.com,15
http://tubidy.mobi,15
http://mediafire.com,15
http://nesn.com,15
http://manhunt.net,15
https://benaughty.com,15
http://hentaihaven.org,15
https://yelp.com,15
https://squirt.org,15
https://mocospace.com,15
http://fedex.com,15
https://indeed.com,14
https://healthplan.com,14
http://spicybigbutt.com,14
https://lotterypost.com,14
http://npower.gov.ng,14
https://linkedin.com,14
http://twimg.com,14
http://poppriceguide.com,14
http://instagram.com,14
http://pchsearch.com,14
http://pchplayandwin.com,14
http://e-liquid-recipes.com,13
https://narvar.com,13
https://google.de,13
http://cracked.com,13
https://zillow.com,13
https://wnmlive.com,13
http://247sports.com,13
https://chatrandom.com,13
http://christianchat.net,13
http://tibiawiki.com.br,13
https://pornpics.com,13
http://jobnab.com,13
https://blackpeoplemeet.com,13
https://xfinity.com,13
http://symbianize.com,13
http://nudevista.com,13
http://adxmi.com,13
http://amazonaws.com,13
http://htc.com,13
http://skem1.com,13
https://plurk.com,13
https://hentaihere.com,12
http://nydailynews.com,12
http://vzw.com,12
http://witchcraftcash.com,12
https://dpandl.com,12
http://chicagotribune.com,12
http://gaymaletube.com,12
https://gomovies.to,12
https://wordpress.com,12
http://nbcnews.com,12
https://criteo.com,12
http://wrestlezone.com,12
http://reuters.com,12
http://meristation.com,12
https://pornmd.com,12
https://serving-sys.com,12
https://bloomberg.com,12
http://netflix.com,12
http://hqporner.com,12
https://yts.ag,12
http://usatoday.com,12
http://upornia.com,12
https://yandex.ru,12
https://bodybuilding.com,11
https://imgur.com,11
https://optimum.net,11
http://selnd.com,11
https://usatoday.com,11
https://boostmobile.com,11
http://whoer.net,11
https://wellsfargo.com,11
https://nextdoor.com,11
https://theverge.com,11
http://neopets.com,11
http://freeappsoftheday.com,11
http://s4gru.com,11
https://apkpure.com,11
http://twitter.com,11
http://apu.edu,11
http://apetube.com,11
https://phncdn.com,11
http://doubleclick.net,11
http://spankbang.com,11
https://office.com,11
https://sbwy.io,11
https://fedex.com,11
https://boxden.com,11
https://groupon.com,11
http://porn.com,10
http://realclearpolitics.com,10
http://gotporn.com,10
http://androidauthority.com,10
https://nairabet.com,10
http://qparadise.com,10
http://angelreturn.com,10
http://operationsports.com,10
http://abovetopsecret.com,10
http://gsurl.in,10
https://heavy-r.com,10
http://bokepseks.co,10
http://androidpolice.com,10
http://triviatoday.com,10
https://cdn13.com,10
http://acekoala.com,10
https://olx.ua,10
https://beeg.com,10
http://gamestop.com,10
http://adf.ly,10
http://bangsilat.com,10
https://sendgrid.net,10
http://rewardit.com,10
http://fapality.com,10
http://damplips.com,10
http://cnbc.com,10
https://paxful.com,10
http://buff.ly,10
http://thepiratebay.org,10
http://tubegalore.com,10
https://samsung.com,10
https://fmovies.to,10
https://teslamotorsclub.com,10
http://mobilism.org,10
https://temp-mail.org,10
http://tinyurl.com,10
http://adbitly.com,10
http://lifehacker.com,10
http://lonelywifehookup.com,10
http://login.com,10
http://theshownation.com,10
https://att.com,10
http://blackpeoplemeet.com,10
http://unicode.org,9
http://youjizz.com,9
http://paramountcommunication.com,9
http://politico.com,9
http://dynect.net,9
http://pacific-mail.com,9
http://homedepot.com,9
http://rochesterfirst.com,9
http://swagbucks.com,9
https://fanfiction.net,9
http://spiegel.de,9
http://cloudfront.net,9
https://squareup.com,9
http://goo.gl,9
https://yandex.ua,9
http://izkid.com,9
http://ssbbwpics.com,9
http://motherless.com,9
http://smsng.us,9
https://pinimg.com,9
http://pin.it,9
http://storynexus.com,9
https://myreadingmanga.info,9
http://s10forum.com,9
http://pacebus.com,9
https://bet9ja.com,9
https://oneopinion.com,9
https://torproject.org,9
https://aitaotu.com,9
https://gayconnect.com,9
https://mypoints.com,9
http://chaturbate.com,9
http://6park.com,9
https://8ch.net,9
http://fattyvideos.com,9
http://naver.com,9
http://fildo.net,9
https://sonyentertainmentnetwork.com,9
http://indeed.com,8
http://bidfta.com,8
https://verizonwireless.com,8
http://raunchytwinks.com,8
http://deadspin.com,8
http://onet.pl,8
http://newegg.com,8
http://nike.com,8
http://litefresh.com,8
http://kuxiaoshuo.com,8
http://dailywire.com,8
https://etsy.com,8
http://redstate.com,8
http://xvideosporno.blog.br,8
http://loudtronix.co,8
http://thepornsurvey.com,8
http://webmd.com,8
http://maakki.com,8
http://sex021.com,8
https://tnaflix.com,8
http://gomovies.to,8
http://ign.com,8
http://cp20.com,8
http://hidplanet.com,8
http://reverso.net,8
http://pururin.us,8
http://ocacmactv.net,8
https://ytmp3.cc,8
http://eldarya.com.br,8
http://trib.al,8
http://victoriabrides.com,8
http://harborfreightemail.com,8
https://bang.com,8
http://tiphero.com,8
http://humaniplex.com,8
https://googleusercontent.com,8
http://mbga.jp,8
https://chimebank.com,8
http://swinglifestyle.com,8
http://simpli.fi,8
http://alarabiya.net,8
http://hotmovs.com,8
https://rt.com,8
https://priceline.com,8
http://t-mo.co,8
http://vporn.com,8
http://aarp.org,8
https://nscorp.com,8
https://hoverwatch.com,8
http://vimeo.com,8
http://ghanaweb.com,8
http://yourdictionary.com,8
http://420bang.me,8
http://wayport.net,8
http://topix.com,8
https://tripadvisor.com,8
http://thebesttubes.com,8
https://dailystormer.com,8
http://philomenamagikz.net,8
https://microsoft.com,8
https://mail.ru,8
https://eventhubs.com,8
http://jobs2careers.com,8
http://fyber.com,8
http://yandex.ru,7
http://match.com,7
http://groupme.com,7
http://poringa.net,7
http://tagged.com,7
https://dawn.com,7
http://netspend.com,7
http://slashfilm.com,7
http://louisianasportsman.com,7
http://fb.me,7
http://jobcase.com,7
https://pakrail.gov.pk,7
http://voachinese.com,7
https://hsfcu1.org,7
http://sexable.tv,7
https://infowars.com,7
https://newegg.com,7
https://hotels.com,7
http://ranker.com,7
http://mobilda.com,7
http://animemovil.com,7
http://kotaku.com,7
http://ymtracking.com,7
https://usnews.com,7
https://caravantomidnight.com,7
http://localmilfselfies.com,7
http://myvidster.com,7
https://freebitco.in,7
http://readyinterview.com,7
http://btrc.net,7
https://jw.org,7
https://walmartmoneycard.com,7
http://nypost.com,7
http://madmimi.com,7
http://t-mobile.com,7
http://anysex.com,7
http://safway.com,7
http://javfor.me,7
https://coinmarketcap.com,7
https://popsugar.com,7
https://seekingalpha.com,7
https://fbcdn.net,7
http://fractalaudio.com,7
http://retale.com,7
https://hdforums.com,7
http://youporn.com,7
http://fradiavolorestaurant.com,7
https://thumbzilla.com,7
https://lfstmedia.com,7
http://clraik.com,7
http://instagc.com,7
https://dropbox.com,7
https://9anime.is,7
http://porncomix.info,7
https://androidcentral.com,7
http://meizu.com,7
http://aparat.com,7
http://gumi.sg,7
http://xlxx.com,7
https://yandex.com.tr,7
http://wishpond.net,7
http://flirtlocal.com,7
http://pchfrontpage.com,7
http://morazzia.com,7
http://writeitwipeit.com,7
http://mensfitness.com,7
http://nfl.com,7
http://luxuretv.com,7
http://craigslist.com,7
http://yosefscabin.com,7
https://eksisozluk.com,7
http://wikihow.com,7
http://playstation.com,7
https://mail.com,7
http://gottadeal.com,7
http://alternet.org,7
http://supergnes.com,7
https://privatetunnel.com,7
http://funbestporn.com,7
http://anybunny.com,7
http://nhentai.net,7
https://decisiondeskhq.com,6
http://healthline.com,6
http://tastyblacks.com,6
http://globo.com,6
http://xposed.info,6
https://ifyoucan.com,6
https://twimg.com,6
http://seocheckpoints.com,6
http://philly.com,6
http://sexpillguru.com,6
https://zoosk.com,6
http://tmz.com,6
https://samsungthemesmagazine.com,6
https://booking.com,6
http://google.com.ua,6
http://frys.com,6
https://supercell.com,6
http://desilady.mobi,6
http://sailthru.com,6
http://tsumino.com,6
http://elclasificado.com,6
https://bet365.com,6
https://cloudfront.net,6
https://shahvani.com,6
http://brazzersnetwork.com,6
http://jobf.ly,6
http://criteo.com,6
http://wrestlecrap.com,6
http://fuckmenow.co,6
https://msn.com,6
http://kstp.com,6
http://tubepornstars.com,6
http://suprafiles.co,6
https://spotify.com,6
https://touchofmodern.com,6
http://keepgif.com,6
https://file-upload.com,6
https://supersonicads.com,6
https://proxfree.com,6
http://aztecaporno.com,6
http://geniusdisplay.com,6
https://techpowerup.com,6
https://appsflyer.com,6
http://desiredtube.com,6
http://kookporn.com,6
http://hometalk.com,6
http://jerryscars.com,6
http://newsmax.com,6
https://youjizz.com,6
https://ebay.com,6
http://nvdaily.com,6
https://donotcall.gov,6
http://realmoforderroleplay.com,6
http://driving-tests.org,6
http://dirtyshack.com,6
https://uber.com,6
http://uptodown.com,6
https://zendesk.com,6
http://pornbraze.com,6
https://liveleak.com,6
https://archiveofourown.org,6
http://tryboobs.com,6
http://proboards.com,6
http://yahoosearch.com,6
http://moondoge.co.in,6
https://getitfree.us,6
https://amor-yaoi.com,6
https://ashemaletube.com,6
https://surgehomes.com,6
https://dribbble.com,6
http://mmajunkie.com,6
https://yellowpages.com,6
https://google.com.tr,6
http://cinejosh.com,6
http://foxsports.com,6
http://purrsia.com,6
https://petrescuereport.com,6
http://secure-deliver.com,6
https://baptistnews.com,6
https://target.com,6
https://newdayreview.com,6
http://pchlotto.com,6
http://att.com,6
https://adjust.io,6
http://mlb.com,6
http://booking.com,6
http://apple.com,6
http://kinja.com,6
http://liquiddota.com,6
https://rockauto.com,6
http://modthesims.info,6
https://owingsmillscollisioncenter.com,6
https://bankofamerica.com,6
http://nj.com,6
http://joyy.me,6
http://gta5-mods.com,6
http://greatandhra.com,6
http://fap.to,6
http://teatroporno.com,6
http://pornotorrent.com.br,6
http://dailycaller.com,6
https://earningstation.com,6
http://mlsfinder.com,6
http://ew.com,6
http://imack.co,6
https://buzzfeed.com,6
https://mlb.com,6
https://mamasijaya.me,6
http://livescore.in,6
http://marumaru.in,6
https://ashleymadison.com,6
http://nabitablet.com,5
http://lot01.com,5
http://inboxdollars.com,5
http://ferronetwork.com,5
http://zootubex.com,5
http://thehornnews.com,5
https://aacrfoundation.org,5
https://redd.it,5
http://mi.edu,5
http://nokia.com,5
http://watchcartoonsonline.eu,5
http://zdnet.com,5
http://pwinsider.com,5
http://nudography.com,5
https://adp.com,5
http://jw.org,5
https://censor.net.ua,5
https://creditkarma.com,5
https://chase.com,5
http://angrypatriotmovement.com,5
http://wp.pl,5
http://realitykings.com,5
http://namasha.com,5
http://taboola.com,5
https://teaparty.org,5
https://weather.gov,5
http://nobiggie.net,5
http://godlikeproductions.com,5
http://searchmobileonline.com,5
https://yhoo.it,5
https://else-bag.com,5
http://go2cloud.org,5
https://ml.com,5
http://techradar.com,5
http://plumperpass.com,5
https://michaels.com,5
http://ctabustracker.com,5
http://videos.com,5
https://irancell.ir,5
https://datingbackendemail.com,5
http://wishtv.com,5
http://123telugu.com,5
http://paypal.com,5
https://google.nl,5
http://pchgames.com,5
http://perfectgirls.net,5
https://discordapp.com,5
http://republicwireless.com,5
https://instantfuckbook.com,5
https://gismeteo.ua,5
https://blogspot.com,5
https://nhl.com,5
https://camonster.com,5
http://endicia.com,5
http://costa.it,5
http://post-gazette.com,5
http://pojo.com,5
http://msnbc.com,5
http://komando.com,5
http://independent.co.uk,5
http://listelixr.net,5
http://daddylikesthat.com,5
https://tube8.com,5
https://e621.net,5
http://offersdelivery.com,5
http://komonews.com,5
https://instagc.com,5
http://1pars90.com,5
http://gulte.com,5
https://rpgwatch.com,5
https://gstatic.com,5
http://wordpress.com,5
http://tubesafari.com,5
http://wayfair.com,5
http://outbrain.com,5
https://amazonaws.com,5
https://gasbike.net,5
http://juno.com,5
https://baidu.com,5
http://archyads.net,5
https://cnet.com,5
https://overstock.com,5
http://vladtv.com,5
http://bitcolesium.com,5
http://tvaddons.ag,5
https://ziprecruiter.com,5
http://mycouchtuner.ag,5
https://alt.com,5
https://relaymedia.com,5
http://ytoudw.be,5
http://kp.org,5
http://offerup.com,5
https://hentai.ms,5
http://kingworldnews.com,5
http://lotus4d.net,5
http://hentai2read.com,5
https://theguardian.com,5
http://cvs.com,5
http://jlhuie.com,5
http://fundamentalbc.com,5
http://dealnews.com,5
https://whoer.net,5
https://whitepages.com,5
http://nairaland.com,5
http://imagefapusercontent.com,5
http://mlsmatrix.com,5
http://segredosdosdjs.com.br,5
http://kooora.com,5
http://flightaware.com,5
http://monster.com,5
https://jobstreet.co.id,5
http://target.com,5
http://youx.xxx,5
https://myanimelist.net,5
http://startappservice.com,5
http://girlsfordays.com,5
http://here.com,5
http://recreationnews.com,5
http://xda-developers.com,5
https://adobe.com,5
http://airtel.in,5
http://slate.com,5
http://jalopnik.com,5
https://yandex.com,5
http://realgm.com,5
https://sada-sso.appspot.com,5
http://bathandbodyworks.com,5
http://slimspots.com,5
https://mhvillage.com,5
https://okcupid.com,5
http://viperial5.com,5
http://sqap.pt,5
http://ilbe.com,5
https://beyond.com,5
http://oilfilter-crossreference.com,5
http://break.com,5
http://uproxx.com,5
https://forbes.com,5
http://elgenero.com,5
http://skyscan.it,5
https://google.ca,5
http://microsoftrewards.com,5
https://gaystryst.com,5
http://suntimes.com,5
http://cavemancircus.com,5
http://wsj.com,5
http://superfotografo.com.br,5
http://thefirearmblog.com,5
http://offers.com,5
http://smarturl.it,5
http://modelmayhem.com,5
http://globaltestmarket.com,5
https://dealnews.com,5
https://brassring.com,5
http://theguardian.com,5
https://fingerhut.com,5
http://vbs.cm,5
http://mp3juices.pro,5
http://upfile.mobi,4
http://wikipedia.org,4
http://psafe.com,4
https://ipsosinteractive.com,4
http://omegle.com,4
http://extremetube.com,4
http://literotica.com,4
https://spectorshockey.net,4
https://whentowork.com,4
http://wtop.com,4
http://zap2it.com,4
https://fark.com,4
http://noodletowntranslated.com,4
http://muyzorras.com,4
http://abc13.com,4
https://cargurus.com,4
http://echo.msk.ru,4
http://ebx.sh,4
http://townhall.com,4
http://mkt6352.com,4
http://dawn.com,4
http://news.com,4
http://avclub.com,4
https://fastmesh.com,4
https://evolvevacationrental.com,4
http://bnbtextiles.com,4
http://astrologyanswers.com,4
https://adjust.com,4
https://luscious.net,4
http://imagetwist.com,4
http://qpostie20.com,4
http://nacds.org,4
http://hilltopads.net,4
https://voat.co,4
https://audible.de,4
http://valottery.com,4
http://samsung.com,4
http://adgaterewards.com,4
http://astrology.com,4
http://peykeiran.com,4
http://theblaze.com,4
https://alphagamers.net,4
http://santabanta.com,4
http://fxn.ws,4
http://sman1ampekangkek.sch.id,4
http://ipaddress.com,4
http://live.com,4
https://walmartone.com,4
https://garden.org,4
http://continentalfinancial.net,4
http://cbslocal.com,4
http://ver-hentai.com,4
http://westernjournalism.com,4
http://ajc.com,4
https://chumplady.com,4
https://homegrownfreaks.net,4
http://newsru.com,4
http://motorsports.com,4
http://investmentwatchblog.com,4
https://cibercuba.com,4
http://xcheaters.com,4
http://momsononly.com,4
http://dorrandclark.com,4
http://bradsdeals.com,4
http://cloudinary.com,4
http://qvcemail.com,4
http://a.co,4
https://wish.com,4
http://guidtter.net,4
http://slutload.com,4
http://showyourdick.org,4
https://github.io,4
http://clipconverter.cc,4
http://2bh.ir,4
http://mangahere.co,4
http://biqle.com,4
http://walgreens.com,4
http://dramacafe.tv,4
https://primecdn.net,4
http://tampabay.com,4
http://prepperwebsite.com,4
http://baynews9.com,4
http://stocking-tease.com,4
https://staples.com,4
http://cricbuzz.com,4
http://studiofivetonine.co,4
http://jet.com,4
http://hornbunny.com,4
http://mobisystems.com,4
https://arstechnica.com,4
https://psiphontoday.com,4
https://aol.com,4
http://sexomasculinoreal.com,4
http://e621.net,4
http://egft.in,4
http://2048kg.com,4
https://4tube.com,4
http://myhentaicomics.com,4
http://book4you.org,4
http://zergnet.com,4
http://leakedearly.pw,4
https://aarki.net,4
http://livestrong.com,4
https://littlethings.com,4
http://powerddev.com,4
https://wow.com,4
http://squirt.org,4
http://peacock-panache.com,4
https://cashstar.com,4
http://pron.com,4
http://roanoke.com,4
http://android-zone.ws,4
http://npr.org,4
http://vandal.net,4
http://hiphopengine2.com,4
https://greendot.com,4
https://pinalove.com,4
http://candlepowerforums.com,4
https://smionecard.com,4
https://vimeo.com,4
http://pubnative.net,4
http://buzzfeed.com,4
http://yandex.com,4
http://web2go.com,4
https://uol.com.br,4
http://evite.com,4
https://bookwalker.jp,4
https://weaselzippers.us,4
https://hanime.tv,4
http://discogs.com,4
http://network54.com,4
http://latinamericancupid.com,4
http://couponmom.com,4
http://awm.com,4
http://newshemaletube.com,4
http://biglist.com,4
http://numerologist.com,4
http://applicanttree.com,4
https://diyrepairmanuals.com,4
http://dofunapps.com,4
https://apteka911.com.ua,4
http://istockphoto.com,4
https://ampproject.org,4
https://google.com.ua,4
http://mirmay.com,4
https://gamespot.com,4
https://pussyspace.com,4
http://punishtube-members.com,4
http://airg.com,4
http://accountnow.com,4
https://vzw.com,4
https://apkupdate.com,4
http://yahoo.com.mx,4
http://mingjingnews.com,4
http://deviantart.net,4
https://google.com.br,4
http://mate1.net,4
https://spinrilla.com,4
https://welpfolks.net,4
http://hentai-for.me,4
https://porntrex.com,4
https://cclfunhub.com,4
https://virtualbox.org,4
https://openload.co,4
http://iranestekhdam.ir,4
http://frtye.com,4
http://batmobil.net,4
http://teethsostraight.com,4
http://gizchina.com,4
http://sohu.com,4
http://holalauncher.com,4
http://latimes.com,4
http://myhealthwealthandhappiness.com,4
http://exchange.jo,4
https://forever21.com,4
https://edmunds.com,4
http://nyc.gov,4
http://google.com.mx,4
http://funnyordie.com,4
http://vgchartz.com,4
http://android.com,4
http://rawstory.com,4
http://gotogate.gr,4
http://taxidermy.net,4
http://stltoday.com,4
https://valottery.com,4
https://change.org,4
http://funnyjunk.com,4
http://fnbhs.com,4
http://liftoff.io,4
http://hk-pub.com,4
http://localmilf.com,4
http://k1600forum.com,4
http://wfmz.com,4
https://rpg.net,4
https://google.com.kw,4
http://beforeitsnews.com,4
http://ow.ly,4
https://bbt.com,4
https://porndoe.com,4
http://xcafe.com,4
http://tumbview.com,4
https://wunderground.com,4
http://biblegateway.com,4
https://digitalseas.io,4
http://apusbrowserpro.com,4
http://supersu.com,4
https://dewayneinsd.com,4
http://gamepedia.com,4
https://mantelligence.com,4
https://creditonebank.com,4
https://fetlife.com,4
http://gettyimages.com,4
http://mtv.it,4
http://adzmaza.in,4
http://24sextube.com,4
http://lambingan.su,4
https://emuparadise.me,4
